{
  "prendere": 0.08488735419774732, 
  "lasciare": 0.07992741125267105, 
  "mettere": 0.07554694600146233, 
  "portare": 0.07315345196612838, 
  "trovare": 0.07022386659560027, 
  "rimanere": 0.06359802128516773, 
  "andare": 0.06154478609182706, 
  "giocare": 0.06088927383037383, 
  "vincere": 0.05971794323291661, 
  "perdere": 0.0578613563480509, 
  "raggiungere": 0.05709990987185419, 
  "venire": 0.05674234203993892, 
  "riuscire": 0.05602310568812463, 
  "tornare": 0.05384822663625239, 
  "cedere": 0.0518871862872499, 
  "allenare": 0.05016887276770814, 
  "concludere": 0.04860645648255831, 
  "segnare": 0.04809079102136704, 
  "ottenere": 0.0451595954434178, 
  "firmare": 0.04362013872915524, 
  "realizzare": 0.04254099815074529, 
  "disputare": 0.0419937178670544, 
  "vestire": 0.040675207623669926, 
  "crescere": 0.040393086209755596, 
  "trasferire": 0.040318735476563214, 
  "diventare": 0.03966560673394702, 
  "passare": 0.037271056445629794, 
  "chiudere": 0.03688970673401602, 
  "terminare": 0.0355747541122673, 
  "arrivare": 0.03505073821490873, 
  "convocare": 0.03340136878454043, 
  "subentrare": 0.032726323294658126, 
  "acquistare": 0.032365307617037556, 
  "porre": 0.03164445367012813, 
  "conquistare": 0.031221046163382365, 
  "ritornare": 0.030452608319998506, 
  "iniziare": 0.029473944883887077, 
  "partire": 0.02896393938933521, 
  "divenire": 0.02874906112770875, 
  "partecipare": 0.027652094282258958, 
  "ingaggiare": 0.026481134119921496, 
  "entrare": 0.026146981637924293, 
  "decidere": 0.02480894478386675, 
  "sostituire": 0.02324539141351173, 
  "collezionare": 0.022414957687609576, 
  "titolare": 0.02130401703964413, 
  "militare": 0.019750290149258297, 
  "esordire": 0.019564995008736527, 
  "totalizzare": 0.019352743860343937, 
  "debuttare": 0.01518353065319881, 
  "contribuire": 0.01495473479284477, 
  "perdere|perdonare": 0.0006087822561930283
}